item_id,predicted_rating
888,4.796998784043979
463,4.767233872186563
1460,4.643093125990721
1115,4.635480296120854
1344,4.627614611998702
