item_id,predicted_rating
166,1.5827302268754673
49,1.453672906865418
96,1.4385851510369878
33,1.402684433658398
366,1.274601808620805
