item_id,predicted_rating
166,1.5827302268754653
49,1.4536729068654173
96,1.4385851510369878
33,1.4026844336583961
366,1.274601808620804
