item_id,predicted_rating
100,5.000000000000001
1038,5.000000000000001
1436,5.000000000000001
612,5.0
1130,5.0
